W(m),S(m),B(m),E(GPa),f'c(MPa),a0(m),ac(m),?c,?,F(?c),V(?c),"N(?c, ?)",Pmax (N)Avg,KsIC (MPa),CTODC(mm)
0.102000,0.381000,0.07600,36.80,55.8,0.029580,0.056100,0.550000,0.527273,1.593713,3.596529,0.579137,2384.96,1.153320,0.021894
0.102000,0.381000,0.07600,36.80,55.8,0.029580,0.056233,0.551300,0.526029,1.599034,3.615607,0.579857,2384.96,1.158538,0.022090
0.102000,0.381000,0.07600,36.80,55.8,0.029580,0.056365,0.552600,0.524792,1.604395,3.634851,0.580572,2384.96,1.163792,0.022287
0.102000,0.381000,0.07600,36.80,55.8,0.029580,0.056498,0.553900,0.523560,1.609798,3.654264,0.581283,2384.96,1.169084,0.022486
0.102000,0.381000,0.07600,36.80,55.8,0.029580,0.056630,0.555200,0.522334,1.615241,3.673847,0.581990,2384.96,1.174413,0.022687
0.102000,0.381000,0.07600,36.80,55.8,0.029580,0.056763,0.556500,0.521114,1.620726,3.693603,0.582692,2384.96,1.179780,0.022890
0.102000,0.381000,0.07600,36.80,55.8,0.029580,0.056896,0.557800,0.519900,1.626254,3.713534,0.583390,2384.96,1.185185,0.023095
0.102000,0.381000,0.07600,36.80,55.8,0.029580,0.057028,0.559100,0.518691,1.631823,3.733641,0.584084,2384.96,1.190629,0.023302
0.102000,0.381000,0.07600,36.80,55.8,0.029580,0.057161,0.560400,0.517488,1.637436,3.753927,0.584773,2384.96,1.196113,0.023511
0.102000,0.381000,0.07600,36.80,55.8,0.029580,0.057293,0.561700,0.516290,1.643092,3.774394,0.585458,2384.96,1.201635,0.023722
0.102000,0.381000,0.07600,36.80,55.8,0.029580,0.057426,0.563000,0.515098,1.648792,3.795043,0.586140,2384.96,1.207198,0.023934
0.102000,0.381000,0.07600,36.80,55.8,0.029580,0.057559,0.564300,0.513911,1.654536,3.815877,0.586816,2384.96,1.212802,0.024149
0.102000,0.381000,0.07600,36.80,55.8,0.029580,0.057691,0.565600,0.512730,1.660324,3.836899,0.587489,2384.96,1.218446,0.024366
0.102000,0.381000,0.07600,36.80,55.8,0.029580,0.057824,0.566900,0.511554,1.666158,3.858110,0.588158,2384.96,1.224131,0.024585
0.102000,0.381000,0.07600,36.80,55.8,0.029580,0.057956,0.568200,0.510384,1.672037,3.879512,0.588823,2384.96,1.229858,0.024806
0.102000,0.381000,0.07600,36.80,55.8,0.029580,0.058089,0.569500,0.509219,1.677962,3.901108,0.589484,2384.96,1.235627,0.025029
0.102000,0.381000,0.07600,36.80,55.8,0.029580,0.058222,0.570800,0.508059,1.683933,3.922900,0.590141,2384.96,1.241439,0.025255
0.102000,0.381000,0.07600,36.80,55.8,0.029580,0.058354,0.572100,0.506904,1.689952,3.944891,0.590794,2384.96,1.247294,0.025482
0.102000,0.381000,0.07600,36.80,55.8,0.029580,0.058487,0.573400,0.505755,1.696018,3.967083,0.591443,2384.96,1.253193,0.025712
0.102000,0.381000,0.07600,36.80,55.8,0.029580,0.058619,0.574700,0.504611,1.702131,3.989478,0.592088,2384.96,1.259135,0.025944
0.102000,0.381000,0.07600,36.80,55.8,0.029580,0.058752,0.576000,0.503472,1.708293,4.012078,0.592730,2384.96,1.265122,0.026178
0.102000,0.381000,0.07600,36.80,55.8,0.029580,0.058885,0.577300,0.502338,1.714504,4.034887,0.593368,2384.96,1.271154,0.026415
0.102000,0.381000,0.07600,36.80,55.8,0.029580,0.059017,0.578600,0.501210,1.720765,4.057907,0.594002,2384.96,1.277231,0.026654
0.102000,0.381000,0.07600,36.80,55.8,0.029580,0.059150,0.579900,0.500086,1.727075,4.081140,0.594632,2384.96,1.283354,0.026895
0.102000,0.381000,0.07600,36.80,55.8,0.029580,0.059282,0.581200,0.498968,1.733436,4.104589,0.595259,2384.96,1.289523,0.027139
0.102000,0.381000,0.07600,36.80,55.8,0.029580,0.059415,0.582500,0.497854,1.739848,4.128257,0.595882,2384.96,1.295740,0.027385
0.102000,0.381000,0.07600,36.80,55.8,0.029580,0.059548,0.583800,0.496745,1.746311,4.152146,0.596502,2384.96,1.302004,0.027634
0.102000,0.381000,0.07600,36.80,55.8,0.029580,0.059680,0.585100,0.495642,1.752826,4.176259,0.597118,2384.96,1.308316,0.027885
0.102000,0.381000,0.07600,36.80,55.8,0.029580,0.059813,0.586400,0.494543,1.759394,4.200598,0.597730,2384.96,1.314676,0.028139
0.102000,0.381000,0.07600,36.80,55.8,0.029580,0.059945,0.587700,0.493449,1.766015,4.225168,0.598339,2384.96,1.321085,0.028395
0.102000,0.381000,0.07600,36.80,55.8,0.029580,0.060078,0.589000,0.492360,1.772690,4.249970,0.598945,2384.96,1.327544,0.028654
0.102000,0.381000,0.07600,36.80,55.8,0.029580,0.060211,0.590300,0.491276,1.779419,4.275007,0.599547,2384.96,1.334053,0.028915
0.102000,0.381000,0.07600,36.80,55.8,0.029580,0.060343,0.591600,0.490196,1.786203,4.300283,0.600145,2384.96,1.340613,0.029179
0.102000,0.381000,0.07600,36.80,55.8,0.029580,0.060476,0.592900,0.489121,1.793043,4.325800,0.600741,2384.96,1.347224,0.029446
0.102000,0.381000,0.07600,36.80,55.8,0.029580,0.060608,0.594200,0.488051,1.799938,4.351562,0.601333,2384.96,1.353887,0.029716
0.102000,0.381000,0.07600,36.80,55.8,0.029580,0.060741,0.595500,0.486986,1.806891,4.377571,0.601921,2384.96,1.360603,0.029988
0.102000,0.381000,0.07600,36.80,55.8,0.029580,0.060874,0.596800,0.485925,1.813900,4.403831,0.602506,2384.96,1.367371,0.030263
0.102000,0.381000,0.07600,36.80,55.8,0.029580,0.061006,0.598100,0.484869,1.820968,4.430345,0.603089,2384.96,1.374193,0.030541
0.102000,0.381000,0.07600,36.80,55.8,0.029580,0.061139,0.599400,0.483817,1.828094,4.457116,0.603667,2384.96,1.381070,0.030822
0.102000,0.381000,0.07600,36.80,55.8,0.029580,0.061271,0.600700,0.482770,1.835280,4.484148,0.604243,2384.96,1.388001,0.031106
0.102000,0.381000,0.07600,36.80,55.8,0.029580,0.061404,0.602000,0.481728,1.842526,4.511444,0.604816,2384.96,1.394988,0.031393
0.102000,0.381000,0.07600,36.80,55.8,0.029580,0.061537,0.603300,0.480690,1.849832,4.539007,0.605385,2384.96,1.402031,0.031683
0.102000,0.381000,0.07600,36.80,55.8,0.029580,0.061669,0.604600,0.479656,1.857199,4.566841,0.605951,2384.96,1.409130,0.031976
0.102000,0.381000,0.07600,36.80,55.8,0.029580,0.061802,0.605900,0.478627,1.864629,4.594949,0.606514,2384.96,1.416288,0.032271
0.102000,0.381000,0.07600,36.80,55.8,0.029580,0.061934,0.607200,0.477602,1.872121,4.623335,0.607074,2384.96,1.423503,0.032571
0.102000,0.381000,0.07600,36.80,55.8,0.029580,0.062067,0.608500,0.476582,1.879676,4.652003,0.607631,2384.96,1.430777,0.032873
0.102000,0.381000,0.07600,36.80,55.8,0.029580,0.062200,0.609800,0.475566,1.887296,4.680956,0.608185,2384.96,1.438111,0.033178
0.102000,0.381000,0.07600,36.80,55.8,0.029580,0.062332,0.611100,0.474554,1.894980,4.710199,0.608736,2384.96,1.445505,0.033487
0.102000,0.381000,0.07600,36.80,55.8,0.029580,0.062465,0.612400,0.473547,1.902730,4.739734,0.609284,2384.96,1.452959,0.033799
0.102000,0.381000,0.07600,36.80,55.8,0.029580,0.062597,0.613700,0.472544,1.910547,4.769567,0.609829,2384.96,1.460476,0.034115
0.102000,0.381000,0.07600,36.80,55.8,0.029580,0.062730,0.615000,0.471545,1.918430,4.799700,0.610371,2384.96,1.468055,0.034433
0.102000,0.381000,0.07600,36.80,55.8,0.029580,0.062863,0.616300,0.470550,1.926382,4.830138,0.610911,2384.96,1.475697,0.034756
0.102000,0.381000,0.07600,36.80,55.8,0.029580,0.062995,0.617600,0.469560,1.934402,4.860885,0.611447,2384.96,1.483402,0.035081
0.102000,0.381000,0.07600,36.80,55.8,0.029580,0.063128,0.618900,0.468573,1.942492,4.891946,0.611980,2384.96,1.491173,0.035411
0.102000,0.381000,0.07600,36.80,55.8,0.029580,0.063260,0.620200,0.467591,1.950652,4.923324,0.612511,2384.96,1.499009,0.035744
0.102000,0.381000,0.07600,36.80,55.8,0.029580,0.063393,0.621500,0.466613,1.958883,4.955024,0.613039,2384.96,1.506911,0.036080
0.102000,0.381000,0.07600,36.80,55.8,0.029580,0.063526,0.622800,0.465639,1.967186,4.987051,0.613564,2384.96,1.514880,0.036421
0.102000,0.381000,0.07600,36.80,55.8,0.029580,0.063658,0.624100,0.464669,1.975562,5.019408,0.614086,2384.96,1.522917,0.036765
0.102000,0.381000,0.07600,36.80,55.8,0.029580,0.063791,0.625400,0.463703,1.984011,5.052100,0.614606,2384.96,1.531023,0.037113
0.102000,0.381000,0.07600,36.80,55.8,0.029580,0.063923,0.626700,0.462741,1.992536,5.085133,0.615123,2384.96,1.539198,0.037464
0.102000,0.381000,0.07600,36.80,55.8,0.029580,0.064056,0.628000,0.461783,2.001136,5.118510,0.615637,2384.96,1.547444,0.037820
0.102000,0.381000,0.07600,36.80,55.8,0.029580,0.064189,0.629300,0.460829,2.009812,5.152237,0.616149,2384.96,1.555761,0.038180
0.102000,0.381000,0.07600,36.80,55.8,0.029580,0.064321,0.630600,0.459879,2.018565,5.186319,0.616658,2384.96,1.564150,0.038544
0.102000,0.381000,0.07600,36.80,55.8,0.029580,0.064454,0.631900,0.458933,2.027397,5.220759,0.617164,2384.96,1.572612,0.038912
0.102000,0.381000,0.07600,36.80,55.8,0.029580,0.064586,0.633200,0.457991,2.036308,5.255565,0.617667,2384.96,1.581148,0.039284
0.102000,0.381000,0.07600,36.80,55.8,0.029580,0.064719,0.634500,0.457053,2.045300,5.290740,0.618169,2384.96,1.589759,0.039660
0.102000,0.381000,0.07600,36.80,55.8,0.029580,0.064852,0.635800,0.456118,2.054372,5.326290,0.618667,2384.96,1.598446,0.040040
0.102000,0.381000,0.07600,36.80,55.8,0.029580,0.064984,0.637100,0.455188,2.063527,5.362220,0.619163,2384.96,1.607210,0.040425
0.102000,0.381000,0.07600,36.80,55.8,0.029580,0.065117,0.638400,0.454261,2.072765,5.398536,0.619656,2384.96,1.616051,0.040815
0.102000,0.381000,0.07600,36.80,55.8,0.029580,0.065249,0.639700,0.453338,2.082087,5.435244,0.620147,2384.96,1.624971,0.041208
0.102000,0.381000,0.07600,36.80,55.8,0.029580,0.065382,0.641000,0.452418,2.091495,5.472348,0.620636,2384.96,1.633971,0.041607
0.102000,0.381000,0.07600,36.80,55.8,0.029580,0.065515,0.642300,0.451502,2.100989,5.509855,0.621122,2384.96,1.643052,0.042010
0.102000,0.381000,0.07600,36.80,55.8,0.029580,0.065647,0.643600,0.450590,2.110570,5.547771,0.621605,2384.96,1.652214,0.042418
0.102000,0.381000,0.07600,36.80,55.8,0.029580,0.065780,0.644900,0.449682,2.120240,5.586101,0.622086,2384.96,1.661460,0.042830
0.102000,0.381000,0.07600,36.80,55.8,0.029580,0.065912,0.646200,0.448777,2.130000,5.624852,0.622565,2384.96,1.670789,0.043247
0.102000,0.381000,0.07600,36.80,55.8,0.029580,0.066045,0.647500,0.447876,2.139850,5.664030,0.623041,2384.96,1.680204,0.043669
0.102000,0.381000,0.07600,36.80,55.8,0.029580,0.066178,0.648800,0.446979,2.149793,5.703641,0.623515,2384.96,1.689704,0.044097
0.102000,0.381000,0.07600,36.80,55.8,0.029580,0.066310,0.650100,0.446085,2.159829,5.743692,0.623987,2384.96,1.699292,0.044529
0.102000,0.381000,0.07600,36.80,55.8,0.029580,0.066443,0.651400,0.445195,2.169959,5.784188,0.624456,2384.96,1.708969,0.044966
0.102000,0.381000,0.07600,36.80,55.8,0.029580,0.066575,0.652700,0.444308,2.180185,5.825138,0.624923,2384.96,1.718735,0.045409
0.102000,0.381000,0.07600,36.80,55.8,0.029580,0.066708,0.654000,0.443425,2.190508,5.866547,0.625387,2384.96,1.728592,0.045857
0.102000,0.381000,0.07600,36.80,55.8,0.029580,0.066841,0.655300,0.442545,2.200929,5.908422,0.625850,2384.96,1.738540,0.046310
0.102000,0.381000,0.07600,36.80,55.8,0.029580,0.066973,0.656600,0.441669,2.211450,5.950772,0.626310,2384.96,1.748583,0.046769
0.102000,0.381000,0.07600,36.80,55.8,0.029580,0.067106,0.657900,0.440796,2.222071,5.993602,0.626767,2384.96,1.758719,0.047234
0.102000,0.381000,0.07600,36.80,55.8,0.029580,0.067238,0.659200,0.439927,2.232794,6.036920,0.627223,2384.96,1.768952,0.047704
0.102000,0.381000,0.07600,36.80,55.8,0.029580,0.067371,0.660500,0.439061,2.243621,6.080733,0.627676,2384.96,1.779281,0.048179
0.102000,0.381000,0.07600,36.80,55.8,0.029580,0.067504,0.661800,0.438199,2.254553,6.125050,0.628127,2384.96,1.789709,0.048661
0.102000,0.381000,0.07600,36.80,55.8,0.029580,0.067636,0.663100,0.437340,2.265591,6.169878,0.628576,2384.96,1.800237,0.049148
0.102000,0.381000,0.07600,36.80,55.8,0.029580,0.067769,0.664400,0.436484,2.276737,6.215224,0.629023,2384.96,1.810866,0.049642
0.102000,0.381000,0.07600,36.80,55.8,0.029580,0.067901,0.665700,0.435632,2.287991,6.261098,0.629468,2384.96,1.821597,0.050142
0.102000,0.381000,0.07600,36.80,55.8,0.029580,0.068034,0.667000,0.434783,2.299357,6.307507,0.629910,2384.96,1.832432,0.050648
0.102000,0.381000,0.07600,36.80,55.8,0.029580,0.068167,0.668300,0.433937,2.310834,6.354459,0.630350,2384.96,1.843373,0.051160
0.102000,0.381000,0.07600,36.80,55.8,0.029580,0.068299,0.669600,0.433094,2.322425,6.401963,0.630789,2384.96,1.854420,0.051678
0.102000,0.381000,0.07600,36.80,55.8,0.029580,0.068432,0.670900,0.432255,2.334132,6.450029,0.631225,2384.96,1.865576,0.052203
0.102000,0.381000,0.07600,36.80,55.8,0.029580,0.068564,0.672200,0.431419,2.345955,6.498664,0.631659,2384.96,1.876841,0.052735
0.102000,0.381000,0.07600,36.80,55.8,0.029580,0.068697,0.673500,0.430586,2.357896,6.547877,0.632091,2384.96,1.888218,0.053274
0.102000,0.381000,0.07600,36.80,55.8,0.029580,0.068830,0.674800,0.429757,2.369958,6.597679,0.632521,2384.96,1.899708,0.053819
0.102000,0.381000,0.07600,36.80,55.8,0.029580,0.068962,0.676100,0.428931,2.382141,6.648079,0.632949,2384.96,1.911312,0.054372
0.102000,0.381000,0.07600,36.80,55.8,0.029580,0.069095,0.677400,0.428107,2.394448,6.699085,0.633375,2384.96,1.923033,0.054931
0.102000,0.381000,0.07600,36.80,55.8,0.029580,0.069227,0.678700,0.427287,2.406880,6.750709,0.633799,2384.96,1.934871,0.055498
0.102000,0.381000,0.07600,36.80,55.8,0.032640,0.056100,0.550000,0.581818,1.593713,3.596529,0.533041,2361.85,1.142146,0.019956
0.102000,0.381000,0.07600,36.80,55.8,0.032640,0.056233,0.551300,0.580446,1.599034,3.615607,0.533871,2361.85,1.147313,0.020141
0.102000,0.381000,0.07600,36.80,55.8,0.032640,0.056365,0.552600,0.579081,1.604395,3.634851,0.534695,2361.85,1.152516,0.020327
0.102000,0.381000,0.07600,36.80,55.8,0.032640,0.056498,0.553900,0.577722,1.609798,3.654264,0.535514,2361.85,1.157756,0.020515
0.102000,0.381000,0.07600,36.80,55.8,0.032640,0.056630,0.555200,0.576369,1.615241,3.673847,0.536328,2361.85,1.163034,0.020705
0.102000,0.381000,0.07600,36.80,55.8,0.032640,0.056763,0.556500,0.575022,1.620726,3.693603,0.537137,2361.85,1.168349,0.020896
0.102000,0.381000,0.07600,36.80,55.8,0.032640,0.056896,0.557800,0.573682,1.626254,3.713534,0.537940,2361.85,1.173702,0.021090
0.102000,0.381000,0.07600,36.80,55.8,0.032640,0.057028,0.559100,0.572348,1.631823,3.733641,0.538738,2361.85,1.179093,0.021285
0.102000,0.381000,0.07600,36.80,55.8,0.032640,0.057161,0.560400,0.571021,1.637436,3.753927,0.539531,2361.85,1.184523,0.021482
0.102000,0.381000,0.07600,36.80,55.8,0.032640,0.057293,0.561700,0.569699,1.643092,3.774394,0.540319,2361.85,1.189993,0.021680
0.102000,0.381000,0.07600,36.80,55.8,0.032640,0.057426,0.563000,0.568384,1.648792,3.795043,0.541102,2361.85,1.195502,0.021881
0.102000,0.381000,0.07600,36.80,55.8,0.032640,0.057559,0.564300,0.567074,1.654536,3.815877,0.541879,2361.85,1.201051,0.022084
0.102000,0.381000,0.07600,36.80,55.8,0.032640,0.057691,0.565600,0.565771,1.660324,3.836899,0.542652,2361.85,1.206640,0.022288
0.102000,0.381000,0.07600,36.80,55.8,0.032640,0.057824,0.566900,0.564473,1.666158,3.858110,0.543420,2361.85,1.212270,0.022495
0.102000,0.381000,0.07600,36.80,55.8,0.032640,0.057956,0.568200,0.563182,1.672037,3.879512,0.544183,2361.85,1.217942,0.022703
0.102000,0.381000,0.07600,36.80,55.8,0.032640,0.058089,0.569500,0.561896,1.677962,3.901108,0.544942,2361.85,1.223655,0.022914
0.102000,0.381000,0.07600,36.80,55.8,0.032640,0.058222,0.570800,0.560617,1.683933,3.922900,0.545695,2361.85,1.229411,0.023126
0.102000,0.381000,0.07600,36.80,55.8,0.032640,0.058354,0.572100,0.559343,1.689952,3.944891,0.546444,2361.85,1.235209,0.023341
0.102000,0.381000,0.07600,36.80,55.8,0.032640,0.058487,0.573400,0.558075,1.696018,3.967083,0.547188,2361.85,1.241050,0.023558
0.102000,0.381000,0.07600,36.80,55.8,0.032640,0.058619,0.574700,0.556812,1.702131,3.989478,0.547928,2361.85,1.246935,0.023777
0.102000,0.381000,0.07600,36.80,55.8,0.032640,0.058752,0.576000,0.555556,1.708293,4.012078,0.548663,2361.85,1.252864,0.023997
0.102000,0.381000,0.07600,36.80,55.8,0.032640,0.058885,0.577300,0.554305,1.714504,4.034887,0.549394,2361.85,1.258837,0.024221
0.102000,0.381000,0.07600,36.80,55.8,0.032640,0.059017,0.578600,0.553059,1.720765,4.057907,0.550120,2361.85,1.264855,0.024446
0.102000,0.381000,0.07600,36.80,55.8,0.032640,0.059150,0.579900,0.551819,1.727075,4.081140,0.550841,2361.85,1.270919,0.024673
0.102000,0.381000,0.07600,36.80,55.8,0.032640,0.059282,0.581200,0.550585,1.733436,4.104589,0.551559,2361.85,1.277029,0.024903
0.102000,0.381000,0.07600,36.80,55.8,0.032640,0.059415,0.582500,0.549356,1.739848,4.128257,0.552271,2361.85,1.283185,0.025135
0.102000,0.381000,0.07600,36.80,55.8,0.032640,0.059548,0.583800,0.548133,1.746311,4.152146,0.552980,2361.85,1.289388,0.025370
0.102000,0.381000,0.07600,36.80,55.8,0.032640,0.059680,0.585100,0.546915,1.752826,4.176259,0.553684,2361.85,1.295639,0.025606
0.102000,0.381000,0.07600,36.80,55.8,0.032640,0.059813,0.586400,0.545703,1.759394,4.200598,0.554384,2361.85,1.301938,0.025845
0.102000,0.381000,0.07600,36.80,55.8,0.032640,0.059945,0.587700,0.544495,1.766015,4.225168,0.555080,2361.85,1.308285,0.026087
0.102000,0.381000,0.07600,36.80,55.8,0.032640,0.060078,0.589000,0.543294,1.772690,4.249970,0.555772,2361.85,1.314682,0.026331
0.102000,0.381000,0.07600,36.80,55.8,0.032640,0.060211,0.590300,0.542097,1.779419,4.275007,0.556460,2361.85,1.321128,0.026577
0.102000,0.381000,0.07600,36.80,55.8,0.032640,0.060343,0.591600,0.540906,1.786203,4.300283,0.557143,2361.85,1.327624,0.026826
0.102000,0.381000,0.07600,36.80,55.8,0.032640,0.060476,0.592900,0.539720,1.793043,4.325800,0.557823,2361.85,1.334171,0.027078
0.102000,0.381000,0.07600,36.80,55.8,0.032640,0.060608,0.594200,0.538539,1.799938,4.351562,0.558499,2361.85,1.340769,0.027332
0.102000,0.381000,0.07600,36.80,55.8,0.032640,0.060741,0.595500,0.537364,1.806891,4.377571,0.559170,2361.85,1.347420,0.027588
0.102000,0.381000,0.07600,36.80,55.8,0.032640,0.060874,0.596800,0.536193,1.813900,4.403831,0.559838,2361.85,1.354123,0.027848
0.102000,0.381000,0.07600,36.80,55.8,0.032640,0.061006,0.598100,0.535028,1.820968,4.430345,0.560502,2361.85,1.360879,0.028110
0.102000,0.381000,0.07600,36.80,55.8,0.032640,0.061139,0.599400,0.533867,1.828094,4.457116,0.561161,2361.85,1.367688,0.028374
0.102000,0.381000,0.07600,36.80,55.8,0.032640,0.061271,0.600700,0.532712,1.835280,4.484148,0.561818,2361.85,1.374553,0.028642
0.102000,0.381000,0.07600,36.80,55.8,0.032640,0.061404,0.602000,0.531561,1.842526,4.511444,0.562470,2361.85,1.381472,0.028912
0.102000,0.381000,0.07600,36.80,55.8,0.032640,0.061537,0.603300,0.530416,1.849832,4.539007,0.563118,2361.85,1.388446,0.029185
0.102000,0.381000,0.07600,36.80,55.8,0.032640,0.061669,0.604600,0.529276,1.857199,4.566841,0.563763,2361.85,1.395477,0.029461
0.102000,0.381000,0.07600,36.80,55.8,0.032640,0.061802,0.605900,0.528140,1.864629,4.594949,0.564404,2361.85,1.402565,0.029740
0.102000,0.381000,0.07600,36.80,55.8,0.032640,0.061934,0.607200,0.527009,1.872121,4.623335,0.565042,2361.85,1.409710,0.030022
0.102000,0.381000,0.07600,36.80,55.8,0.032640,0.062067,0.608500,0.525883,1.879676,4.652003,0.565676,2361.85,1.416914,0.030306
0.102000,0.381000,0.07600,36.80,55.8,0.032640,0.062200,0.609800,0.524762,1.887296,4.680956,0.566306,2361.85,1.424177,0.030594
0.102000,0.381000,0.07600,36.80,55.8,0.032640,0.062332,0.611100,0.523646,1.894980,4.710199,0.566933,2361.85,1.431499,0.030885
0.102000,0.381000,0.07600,36.80,55.8,0.032640,0.062465,0.612400,0.522534,1.902730,4.739734,0.567556,2361.85,1.438882,0.031179
0.102000,0.381000,0.07600,36.80,55.8,0.032640,0.062597,0.613700,0.521427,1.910547,4.769567,0.568176,2361.85,1.446325,0.031476
0.102000,0.381000,0.07600,36.80,55.8,0.032640,0.062730,0.615000,0.520325,1.918430,4.799700,0.568792,2361.85,1.453831,0.031777
0.102000,0.381000,0.07600,36.80,55.8,0.032640,0.062863,0.616300,0.519228,1.926382,4.830138,0.569405,2361.85,1.461398,0.032080
0.102000,0.381000,0.07600,36.80,55.8,0.032640,0.062995,0.617600,0.518135,1.934402,4.860885,0.570014,2361.85,1.469030,0.032387
0.102000,0.381000,0.07600,36.80,55.8,0.032640,0.063128,0.618900,0.517046,1.942492,4.891946,0.570620,2361.85,1.476725,0.032698
0.102000,0.381000,0.07600,36.80,55.8,0.032640,0.063260,0.620200,0.515963,1.950652,4.923324,0.571223,2361.85,1.484485,0.033011
0.102000,0.381000,0.07600,36.80,55.8,0.032640,0.063393,0.621500,0.514883,1.958883,4.955024,0.571823,2361.85,1.492310,0.033328
0.102000,0.381000,0.07600,36.80,55.8,0.032640,0.063526,0.622800,0.513809,1.967186,4.987051,0.572419,2361.85,1.500202,0.033649
0.102000,0.381000,0.07600,36.80,55.8,0.032640,0.063658,0.624100,0.512738,1.975562,5.019408,0.573011,2361.85,1.508162,0.033973
0.102000,0.381000,0.07600,36.80,55.8,0.032640,0.063791,0.625400,0.511673,1.984011,5.052100,0.573601,2361.85,1.516189,0.034301
0.102000,0.381000,0.07600,36.80,55.8,0.032640,0.063923,0.626700,0.510611,1.992536,5.085133,0.574187,2361.85,1.524285,0.034632
0.102000,0.381000,0.07600,36.80,55.8,0.032640,0.064056,0.628000,0.509554,2.001136,5.118510,0.574771,2361.85,1.532451,0.034968
0.102000,0.381000,0.07600,36.80,55.8,0.032640,0.064189,0.629300,0.508502,2.009812,5.152237,0.575351,2361.85,1.540687,0.035306
0.102000,0.381000,0.07600,36.80,55.8,0.032640,0.064321,0.630600,0.507453,2.018565,5.186319,0.575928,2361.85,1.548995,0.035649
0.102000,0.381000,0.07600,36.80,55.8,0.032640,0.064454,0.631900,0.506409,2.027397,5.220759,0.576502,2361.85,1.557375,0.035996
0.102000,0.381000,0.07600,36.80,55.8,0.032640,0.064586,0.633200,0.505370,2.036308,5.255565,0.577072,2361.85,1.565828,0.036346
0.102000,0.381000,0.07600,36.80,55.8,0.032640,0.064719,0.634500,0.504334,2.045300,5.290740,0.577640,2361.85,1.574356,0.036701
0.102000,0.381000,0.07600,36.80,55.8,0.032640,0.064852,0.635800,0.503303,2.054372,5.326290,0.578205,2361.85,1.582959,0.037059
0.102000,0.381000,0.07600,36.80,55.8,0.032640,0.064984,0.637100,0.502276,2.063527,5.362220,0.578766,2361.85,1.591637,0.037422
0.102000,0.381000,0.07600,36.80,55.8,0.032640,0.065117,0.638400,0.501253,2.072765,5.398536,0.579325,2361.85,1.600393,0.037788
0.102000,0.381000,0.07600,36.80,55.8,0.032640,0.065249,0.639700,0.500234,2.082087,5.435244,0.579881,2361.85,1.609227,0.038159
0.102000,0.381000,0.07600,36.80,55.8,0.032640,0.065382,0.641000,0.499220,2.091495,5.472348,0.580434,2361.85,1.618139,0.038535
0.102000,0.381000,0.07600,36.80,55.8,0.032640,0.065515,0.642300,0.498210,2.100989,5.509855,0.580984,2361.85,1.627132,0.038914
0.102000,0.381000,0.07600,36.80,55.8,0.032640,0.065647,0.643600,0.497203,2.110570,5.547771,0.581531,2361.85,1.636206,0.039298
0.102000,0.381000,0.07600,36.80,55.8,0.032640,0.065780,0.644900,0.496201,2.120240,5.586101,0.582075,2361.85,1.645362,0.039687
0.102000,0.381000,0.07600,36.80,55.8,0.032640,0.065912,0.646200,0.495203,2.130000,5.624852,0.582616,2361.85,1.654601,0.040080
0.102000,0.381000,0.07600,36.80,55.8,0.032640,0.066045,0.647500,0.494208,2.139850,5.664030,0.583155,2361.85,1.663924,0.040478
0.102000,0.381000,0.07600,36.80,55.8,0.032640,0.066178,0.648800,0.493218,2.149793,5.703641,0.583690,2361.85,1.673333,0.040880
0.102000,0.381000,0.07600,36.80,55.8,0.032640,0.066310,0.650100,0.492232,2.159829,5.743692,0.584223,2361.85,1.682828,0.041287
0.102000,0.381000,0.07600,36.80,55.8,0.032640,0.066443,0.651400,0.491250,2.169959,5.784188,0.584754,2361.85,1.692410,0.041699
0.102000,0.381000,0.07600,36.80,55.8,0.032640,0.066575,0.652700,0.490271,2.180185,5.825138,0.585281,2361.85,1.702082,0.042116
0.102000,0.381000,0.07600,36.80,55.8,0.032640,0.066708,0.654000,0.489297,2.190508,5.866547,0.585806,2361.85,1.711843,0.042538
0.102000,0.381000,0.07600,36.80,55.8,0.032640,0.066841,0.655300,0.488326,2.200929,5.908422,0.586328,2361.85,1.721696,0.042966
0.102000,0.381000,0.07600,36.80,55.8,0.032640,0.066973,0.656600,0.487359,2.211450,5.950772,0.586848,2361.85,1.731640,0.043398
0.102000,0.381000,0.07600,36.80,55.8,0.032640,0.067106,0.657900,0.486396,2.222071,5.993602,0.587364,2361.85,1.741679,0.043835
0.102000,0.381000,0.07600,36.80,55.8,0.032640,0.067238,0.659200,0.485437,2.232794,6.036920,0.587879,2361.85,1.751812,0.044278
0.102000,0.381000,0.07600,36.80,55.8,0.032640,0.067371,0.660500,0.484481,2.243621,6.080733,0.588390,2361.85,1.762042,0.044726
0.102000,0.381000,0.07600,36.80,55.8,0.032640,0.067504,0.661800,0.483530,2.254553,6.125050,0.588899,2361.85,1.772368,0.045180
0.102000,0.381000,0.07600,36.80,55.8,0.032640,0.067636,0.663100,0.482582,2.265591,6.169878,0.589406,2361.85,1.782794,0.045639
0.102000,0.381000,0.07600,36.80,55.8,0.032640,0.067769,0.664400,0.481638,2.276737,6.215224,0.589910,2361.85,1.793320,0.046104
0.102000,0.381000,0.07600,36.80,55.8,0.032640,0.067901,0.665700,0.480697,2.287991,6.261098,0.590411,2361.85,1.803947,0.046575
0.102000,0.381000,0.07600,36.80,55.8,0.032640,0.068034,0.667000,0.479760,2.299357,6.307507,0.590910,2361.85,1.814677,0.047051
0.102000,0.381000,0.07600,36.80,55.8,0.032640,0.068167,0.668300,0.478827,2.310834,6.354459,0.591407,2361.85,1.825512,0.047534
0.102000,0.381000,0.07600,36.80,55.8,0.032640,0.068299,0.669600,0.477897,2.322425,6.401963,0.591901,2361.85,1.836452,0.048023
0.102000,0.381000,0.07600,36.80,55.8,0.032640,0.068432,0.670900,0.476971,2.334132,6.450029,0.592392,2361.85,1.847500,0.048517
0.102000,0.381000,0.07600,36.80,55.8,0.032640,0.068564,0.672200,0.476049,2.345955,6.498664,0.592881,2361.85,1.858656,0.049018
0.102000,0.381000,0.07600,36.80,55.8,0.032640,0.068697,0.673500,0.475130,2.357896,6.547877,0.593368,2361.85,1.869923,0.049526
0.102000,0.381000,0.07600,36.80,55.8,0.032640,0.068830,0.674800,0.474215,2.369958,6.597679,0.593852,2361.85,1.881301,0.050039
0.102000,0.381000,0.07600,36.80,55.8,0.032640,0.068962,0.676100,0.473303,2.382141,6.648079,0.594334,2361.85,1.892793,0.050560
0.102000,0.381000,0.07600,36.80,55.8,0.032640,0.069095,0.677400,0.472394,2.394448,6.699085,0.594814,2361.85,1.904400,0.051087
0.102000,0.381000,0.07600,36.80,55.8,0.032640,0.069227,0.678700,0.471490,2.406880,6.750709,0.595291,2361.85,1.916124,0.051621
0.102,0.381,0.076,36.8,55.8,0.04692,0.0561,0.55,0.836363636,1.593712516,3.596529259,0.297041445,1418.642134,0.686027466,0.006679606
0.102,0.381,0.076,36.8,55.8,0.04692,0.0562326,0.5513,0.834391438,1.599033601,3.61560671,0.298781834,1418.642134,0.68913096,0.006770346
0.102,0.381,0.076,36.8,55.8,0.04692,0.0563652,0.5526,0.83242852,1.604395135,3.634850944,0.300502985,1418.642134,0.692256357,0.006861732
0.102,0.381,0.076,36.8,55.8,0.04692,0.0564978,0.5539,0.830474815,1.609797513,3.654263861,0.302205298,1418.642134,0.695403881,0.006953778
0.102,0.381,0.076,36.8,55.8,0.04692,0.0566304,0.5552,0.828530259,1.615241129,3.67384739,0.30388916,1418.642134,0.698573761,0.007046497
0.102,0.381,0.076,36.8,55.8,0.04692,0.056763,0.5565,0.826594789,1.620726387,3.693603488,0.305554945,1418.642134,0.701766226,0.007139902
0.102,0.381,0.076,36.8,55.8,0.04692,0.0568956,0.5578,0.82466834,1.626253694,3.713534143,0.307203015,1418.642134,0.70498151,0.007234007
0.102,0.381,0.076,36.8,55.8,0.04692,0.0570282,0.5591,0.82275085,1.631823463,3.73364137,0.308833721,1418.642134,0.70821985,0.007328824
0.102,0.381,0.076,36.8,55.8,0.04692,0.0571608,0.5604,0.820842256,1.637436113,3.753927217,0.310447403,1418.642134,0.711481486,0.007424368
0.102,0.381,0.076,36.8,55.8,0.04692,0.0572934,0.5617,0.818942496,1.643092069,3.774393759,0.31204439,1418.642134,0.71476666,0.007520652
0.102,0.381,0.076,36.8,55.8,0.04692,0.057426,0.563,0.81705151,1.648791762,3.795043107,0.313625,1418.642134,0.71807562,0.00761769
0.102,0.381,0.076,36.8,55.8,0.04692,0.0575586,0.5643,0.815169236,1.654535628,3.815877401,0.315189544,1418.642134,0.721408615,0.007715494
0.102,0.381,0.076,36.8,55.8,0.04692,0.0576912,0.5656,0.813295615,1.660324109,3.836898813,0.316738321,1418.642134,0.724765898,0.00781408
0.102,0.381,0.076,36.8,55.8,0.04692,0.0578238,0.5669,0.811430587,1.666157656,3.858109551,0.318271622,1418.642134,0.728147725,0.00791346
0.102,0.381,0.076,36.8,55.8,0.04692,0.0579564,0.5682,0.809574094,1.672036722,3.879511854,0.319789731,1418.642134,0.731554358,0.008013649
0.102,0.381,0.076,36.8,55.8,0.04692,0.058089,0.5695,0.807726076,1.67796177,3.901107996,0.321292923,1418.642134,0.734986059,0.008114661
0.102,0.381,0.076,36.8,55.8,0.04692,0.0582216,0.5708,0.805886475,1.683933266,3.922900285,0.322781463,1418.642134,0.738443096,0.008216509
0.102,0.381,0.076,36.8,55.8,0.04692,0.0583542,0.5721,0.804055235,1.689951687,3.944891068,0.324255613,1418.642134,0.74192574,0.008319208
0.102,0.381,0.076,36.8,55.8,0.04692,0.0584868,0.5734,0.802232299,1.696017512,3.967082724,0.325715623,1418.642134,0.745434265,0.008422772
0.102,0.381,0.076,36.8,55.8,0.04692,0.0586194,0.5747,0.800417609,1.70213123,3.989477671,0.32716174,1418.642134,0.748968951,0.008527216
0.102,0.381,0.076,36.8,55.8,0.04692,0.058752,0.576,0.798611111,1.708293335,4.012078364,0.328594202,1418.642134,0.752530079,0.008632554
0.102,0.381,0.076,36.8,55.8,0.04692,0.0588846,0.5773,0.796812749,1.714504331,4.034887297,0.330013241,1418.642134,0.756117937,0.008738801
0.102,0.381,0.076,36.8,55.8,0.04692,0.0590172,0.5786,0.795022468,1.720764725,4.057907001,0.331419083,1418.642134,0.759732814,0.008845971
0.102,0.381,0.076,36.8,55.8,0.04692,0.0591498,0.5799,0.793240214,1.727075034,4.08114005,0.332811949,1418.642134,0.763375006,0.008954081
0.102,0.381,0.076,36.8,55.8,0.04692,0.0592824,0.5812,0.791465933,1.733435782,4.104589054,0.334192052,1418.642134,0.76704481,0.009063144
0.102,0.381,0.076,36.8,55.8,0.04692,0.059415,0.5825,0.789699571,1.739847501,4.128256668,0.335559603,1418.642134,0.77074253,0.009173177
0.102,0.381,0.076,36.8,55.8,0.04692,0.0595476,0.5838,0.787941076,1.746310728,4.152145588,0.336914804,1418.642134,0.774468472,0.009284195
0.102,0.381,0.076,36.8,55.8,0.04692,0.0596802,0.5851,0.786190395,1.752826011,4.17625855,0.338257855,1418.642134,0.77822295,0.009396213
0.102,0.381,0.076,36.8,55.8,0.04692,0.0598128,0.5864,0.784447476,1.759393905,4.200598338,0.339588947,1418.642134,0.782006278,0.009509248
0.102,0.381,0.076,36.8,55.8,0.04692,0.0599454,0.5877,0.782712268,1.766014972,4.225167776,0.340908272,1418.642134,0.785818777,0.009623315
0.102,0.381,0.076,36.8,55.8,0.04692,0.060078,0.589,0.78098472,1.772689782,4.249969737,0.342216012,1418.642134,0.789660773,0.00973843
0.102,0.381,0.076,36.8,55.8,0.04692,0.0602106,0.5903,0.779264781,1.779418916,4.275007137,0.343512347,1418.642134,0.793532595,0.009854611
0.102,0.381,0.076,36.8,55.8,0.04692,0.0603432,0.5916,0.7775524,1.786202961,4.300282941,0.344797452,1418.642134,0.797434578,0.009971873
0.102,0.381,0.076,36.8,55.8,0.04692,0.0604758,0.5929,0.775847529,1.793042513,4.32580016,0.3460715,1418.642134,0.801367061,0.010090234
0.102,0.381,0.076,36.8,55.8,0.04692,0.0606084,0.5942,0.774150118,1.799938177,4.351561856,0.347334657,1418.642134,0.80533039,0.01020971
0.102,0.381,0.076,36.8,55.8,0.04692,0.060741,0.5955,0.772460118,1.806890567,4.377571139,0.348587087,1418.642134,0.809324913,0.01033032
0.102,0.381,0.076,36.8,55.8,0.04692,0.0608736,0.5968,0.77077748,1.813900306,4.40383117,0.349828949,1418.642134,0.813350985,0.01045208
0.102,0.381,0.076,36.8,55.8,0.04692,0.0610062,0.5981,0.769102157,1.820968027,4.430345162,0.351060399,1418.642134,0.817408966,0.010575008
0.102,0.381,0.076,36.8,55.8,0.04692,0.0611388,0.5994,0.767434101,1.828094371,4.45711638,0.352281589,1418.642134,0.821499222,0.010699122
0.102,0.381,0.076,36.8,55.8,0.04692,0.0612714,0.6007,0.765773265,1.83527999,4.484148143,0.353492669,1418.642134,0.825622122,0.010824441
0.102,0.381,0.076,36.8,55.8,0.04692,0.061404,0.602,0.764119601,1.842525544,4.511443826,0.354693784,1418.642134,0.829778043,0.010950983
0.102,0.381,0.076,36.8,55.8,0.04692,0.0615366,0.6033,0.762473065,1.849831706,4.539006858,0.355885077,1418.642134,0.833967367,0.011078767
0.102,0.381,0.076,36.8,55.8,0.04692,0.0616692,0.6046,0.760833609,1.857199155,4.566840725,0.357066687,1418.642134,0.838190481,0.011207812
0.102,0.381,0.076,36.8,55.8,0.04692,0.0618018,0.6059,0.759201188,1.864628583,4.594948972,0.35823875,1418.642134,0.842447778,0.011338137
0.102,0.381,0.076,36.8,55.8,0.04692,0.0619344,0.6072,0.757575758,1.872120692,4.623335204,0.3594014,1418.642134,0.846739657,0.011469762
0.102,0.381,0.076,36.8,55.8,0.04692,0.062067,0.6085,0.755957272,1.879676195,4.652003083,0.360554768,1418.642134,0.851066524,0.011602707
0.102,0.381,0.076,36.8,55.8,0.04692,0.0621996,0.6098,0.754345687,1.887295815,4.680956337,0.36169898,1418.642134,0.85542879,0.011736992
0.102,0.381,0.076,36.8,55.8,0.04692,0.0623322,0.6111,0.752740959,1.894980286,4.710198753,0.362834163,1418.642134,0.859826872,0.011872637
0.102,0.381,0.076,36.8,55.8,0.04692,0.0624648,0.6124,0.751143044,1.902730355,4.739734184,0.363960439,1418.642134,0.864261194,0.012009664
0.102,0.381,0.076,36.8,55.8,0.04692,0.0625974,0.6137,0.749551898,1.910546777,4.769566549,0.365077928,1418.642134,0.868732187,0.012148093
0.102,0.381,0.076,36.8,55.8,0.04692,0.06273,0.615,0.74796748,1.918430323,4.799699832,0.366186748,1418.642134,0.873240287,0.012287947
0.102,0.381,0.076,36.8,55.8,0.04692,0.0628626,0.6163,0.746389745,1.926381774,4.830138086,0.367287013,1418.642134,0.877785939,0.012429246
0.102,0.381,0.076,36.8,55.8,0.04692,0.0629952,0.6176,0.744818653,1.93440192,4.860885434,0.368378838,1418.642134,0.882369594,0.012572014
0.102,0.381,0.076,36.8,55.8,0.04692,0.0631278,0.6189,0.743254161,1.94249157,4.891946068,0.369462331,1418.642134,0.886991707,0.012716272
0.102,0.381,0.076,36.8,55.8,0.04692,0.0632604,0.6202,0.741696227,1.950651539,4.923324254,0.370537602,1418.642134,0.891652745,0.012862044
0.102,0.381,0.076,36.8,55.8,0.04692,0.063393,0.6215,0.740144811,1.958882658,4.955024333,0.371604757,1418.642134,0.89635318,0.013009353
0.102,0.381,0.076,36.8,55.8,0.04692,0.0635256,0.6228,0.738599872,1.967185772,4.987050718,0.372663901,1418.642134,0.90109349,0.013158222
0.102,0.381,0.076,36.8,55.8,0.04692,0.0636582,0.6241,0.737061368,1.975561737,5.019407901,0.373715135,1418.642134,0.905874163,0.013308676
0.102,0.381,0.076,36.8,55.8,0.04692,0.0637908,0.6254,0.735529261,1.984011424,5.052100453,0.374758559,1418.642134,0.910695693,0.013460739
0.102,0.381,0.076,36.8,55.8,0.04692,0.0639234,0.6267,0.73400351,1.992535717,5.085133023,0.375794273,1418.642134,0.915558582,0.013614436
0.102,0.381,0.076,36.8,55.8,0.04692,0.064056,0.628,0.732484076,2.001135515,5.118510346,0.376822373,1418.642134,0.920463342,0.013769793
0.102,0.381,0.076,36.8,55.8,0.04692,0.0641886,0.6293,0.73097092,2.00981173,5.152237235,0.377842953,1418.642134,0.92541049,0.013926834
0.102,0.381,0.076,36.8,55.8,0.04692,0.0643212,0.6306,0.729464003,2.018565291,5.186318593,0.378856106,1418.642134,0.930400554,0.014085587
0.102,0.381,0.076,36.8,55.8,0.04692,0.0644538,0.6319,0.727963285,2.027397138,5.220759409,0.379861924,1418.642134,0.935434068,0.014246077
0.102,0.381,0.076,36.8,55.8,0.04692,0.0645864,0.6332,0.72646873,2.036308231,5.255564759,0.380860496,1418.642134,0.940511576,0.014408333
0.102,0.381,0.076,36.8,55.8,0.04692,0.064719,0.6345,0.724980299,2.045299542,5.290739812,0.38185191,1418.642134,0.945633632,0.01457238
0.102,0.381,0.076,36.8,55.8,0.04692,0.0648516,0.6358,0.723497955,2.054372059,5.326289829,0.382836252,1418.642134,0.950800797,0.014738248
0.102,0.381,0.076,36.8,55.8,0.04692,0.0649842,0.6371,0.722021661,2.063526788,5.362220167,0.383813607,1418.642134,0.956013641,0.014905966
0.102,0.381,0.076,36.8,55.8,0.04692,0.0651168,0.6384,0.720551378,2.072764751,5.398536279,0.384784058,1418.642134,0.961272746,0.015075561
0.102,0.381,0.076,36.8,55.8,0.04692,0.0652494,0.6397,0.719087072,2.082086985,5.435243718,0.385747687,1418.642134,0.9665787,0.015247063
0.102,0.381,0.076,36.8,55.8,0.04692,0.065382,0.641,0.717628705,2.091494546,5.472348135,0.386704575,1418.642134,0.971932102,0.015420504
0.102,0.381,0.076,36.8,55.8,0.04692,0.0655146,0.6423,0.716176242,2.100988507,5.509855289,0.387654799,1418.642134,0.977333563,0.015595912
0.102,0.381,0.076,36.8,55.8,0.04692,0.0656472,0.6436,0.714729646,2.110569958,5.547771041,0.388598439,1418.642134,0.982783701,0.01577332
0.102,0.381,0.076,36.8,55.8,0.04692,0.0657798,0.6449,0.713288882,2.120240007,5.586101363,0.389535569,1418.642134,0.988283146,0.015952759
0.102,0.381,0.076,36.8,55.8,0.04692,0.0659124,0.6462,0.711853915,2.129999783,5.624852335,0.390466266,1418.642134,0.993832538,0.016134262
0.102,0.381,0.076,36.8,55.8,0.04692,0.066045,0.6475,0.71042471,2.13985043,5.664030151,0.391390601,1418.642134,0.999432529,0.016317861
0.102,0.381,0.076,36.8,55.8,0.04692,0.0661776,0.6488,0.709001233,2.149793115,5.70364112,0.392308649,1418.642134,1.005083779,0.01650359
0.102,0.381,0.076,36.8,55.8,0.04692,0.0663102,0.6501,0.707583449,2.159829023,5.743691668,0.393220479,1418.642134,1.010786962,0.016691482
0.102,0.381,0.076,36.8,55.8,0.04692,0.0664428,0.6514,0.706171323,2.169959357,5.784188344,0.394126163,1418.642134,1.016542762,0.016881574
0.102,0.381,0.076,36.8,55.8,0.04692,0.0665754,0.6527,0.704764823,2.180185345,5.825137818,0.395025768,1418.642134,1.022351875,0.0170739
0.102,0.381,0.076,36.8,55.8,0.04692,0.066708,0.654,0.703363914,2.190508232,5.866546887,0.395919362,1418.642134,1.02821501,0.017268497
0.102,0.381,0.076,36.8,55.8,0.04692,0.0668406,0.6553,0.701968564,2.200929286,5.908422477,0.396807013,1418.642134,1.034132885,0.0174654
0.102,0.381,0.076,36.8,55.8,0.04692,0.0669732,0.6566,0.700578739,2.211449797,5.950771646,0.397688785,1418.642134,1.040106234,0.017664649
0.102,0.381,0.076,36.8,55.8,0.04692,0.0671058,0.6579,0.699194406,2.222071076,5.993601585,0.398564742,1418.642134,1.046135802,0.01786628
0.102,0.381,0.076,36.8,55.8,0.04692,0.0672384,0.6592,0.697815534,2.232794459,6.036919626,0.399434949,1418.642134,1.052222346,0.018070333
0.102,0.381,0.076,36.8,55.8,0.04692,0.067371,0.6605,0.696442089,2.243621301,6.08073324,0.400299467,1418.642134,1.058366637,0.018276847
0.102,0.381,0.076,36.8,55.8,0.04692,0.0675036,0.6618,0.69507404,2.254552986,6.125050043,0.401158358,1418.642134,1.064569461,0.018485864
0.102,0.381,0.076,36.8,55.8,0.04692,0.0676362,0.6631,0.693711356,2.265590919,6.169877799,0.402011683,1418.642134,1.070831615,0.018697423
0.102,0.381,0.076,36.8,55.8,0.04692,0.0677688,0.6644,0.692354004,2.276736528,6.215224423,0.4028595,1418.642134,1.077153912,0.018911568
0.102,0.381,0.076,36.8,55.8,0.04692,0.0679014,0.6657,0.691001953,2.287991271,6.261097983,0.403701868,1418.642134,1.083537178,0.019128341
0.102,0.381,0.076,36.8,55.8,0.04692,0.068034,0.667,0.689655172,2.299356628,6.307506709,0.404538844,1418.642134,1.089982255,0.019347786
0.102,0.381,0.076,36.8,55.8,0.04692,0.0681666,0.6683,0.688313632,2.310834107,6.354458991,0.405370486,1418.642134,1.096489999,0.019569948
0.102,0.381,0.076,36.8,55.8,0.04692,0.0682992,0.6696,0.6869773,2.322425241,6.401963383,0.40619685,1418.642134,1.103061282,0.019794871
0.102,0.381,0.076,36.8,55.8,0.04692,0.0684318,0.6709,0.685646147,2.334131593,6.450028613,0.407017989,1418.642134,1.109696991,0.020022603
0.102,0.381,0.076,36.8,55.8,0.04692,0.0685644,0.6722,0.684320143,2.345954752,6.498663579,0.407833959,1418.642134,1.116398029,0.02025319
0.102,0.381,0.076,36.8,55.8,0.04692,0.068697,0.6735,0.682999258,2.357896337,6.54787736,0.408644813,1418.642134,1.123165315,0.020486682
0.102,0.381,0.076,36.8,55.8,0.04692,0.0688296,0.6748,0.681683462,2.369957995,6.597679216,0.409450602,1418.642134,1.129999786,0.020723127
0.102,0.381,0.076,36.8,55.8,0.04692,0.0689622,0.6761,0.680372726,2.382141405,6.648078593,0.41025138,1418.642134,1.136902395,0.020962575
0.102,0.381,0.076,36.8,55.8,0.04692,0.0690948,0.6774,0.679067021,2.394448275,6.69908513,0.411047196,1418.642134,1.143874113,0.021205078
0.102,0.381,0.076,36.8,55.8,0.04692,0.0692274,0.6787,0.677766318,2.406880344,6.750708661,0.411838101,1418.642134,1.150915928,0.021450688
0.08,0.2,0.05,35.5,67.5,0.002056,0.0026,0.032500,0.790769,1.072329,1.395003,0.465246,3929,0.357009,0.000700
0.08,0.2,0.05,35.5,67.5,0.002056,0.003134,0.039175,0.656031,1.063659,1.391414,0.593372,3929,0.388792,0.001074
0.08,0.2,0.05,35.5,67.5,0.002056,0.003668,0.045850,0.560523,1.055522,1.388355,0.668171,3929,0.417395,0.001412
0.08,0.2,0.05,35.5,67.5,0.002056,0.004202,0.052525,0.489291,1.047901,1.385829,0.718240,3929,0.443520,0.001736
0.08,0.2,0.05,35.5,67.5,0.002056,0.004736,0.059200,0.434122,1.040782,1.383838,0.754365,3929,0.467661,0.002052
0.08,0.2,0.05,35.5,67.5,0.002056,0.00527,0.065875,0.390133,1.034150,1.382385,0.781748,3929,0.490178,0.002364
0.08,0.2,0.05,35.5,67.5,0.002056,0.005804,0.072550,0.354238,1.027992,1.381473,0.803257,3929,0.511350,0.002673
0.08,0.2,0.05,35.5,67.5,0.002056,0.006338,0.079225,0.324393,1.022296,1.381104,0.820615,3929,0.531395,0.002982
0.08,0.2,0.05,35.5,67.5,0.002056,0.006872,0.085900,0.299185,1.017048,1.381283,0.834927,3929,0.550489,0.003290
0.08,0.2,0.05,35.5,67.5,0.002056,0.007406,0.092575,0.277613,1.012239,1.382012,0.846935,3929,0.568774,0.003598
0.08,0.2,0.05,35.5,67.5,0.002056,0.00794,0.099250,0.258942,1.007857,1.383296,0.857157,3929,0.586374,0.003908
0.08,0.2,0.05,35.5,67.5,0.002056,0.008474,0.105925,0.242624,1.003893,1.385138,0.865965,3929,0.603388,0.004219
0.08,0.2,0.05,35.5,67.5,0.002056,0.009008,0.112600,0.228242,1.000338,1.387544,0.873634,3929,0.619906,0.004532
0.08,0.2,0.05,35.5,67.5,0.002056,0.009542,0.119275,0.215468,0.997181,1.390518,0.880373,3929,0.636003,0.004848
0.08,0.2,0.05,35.5,67.5,0.002056,0.010076,0.125950,0.204049,0.994417,1.394065,0.886342,3929,0.651745,0.005168
0.08,0.2,0.05,35.5,67.5,0.002056,0.01061,0.132625,0.193779,0.992035,1.398191,0.891666,3929,0.667191,0.005490
0.08,0.2,0.05,35.5,67.5,0.002056,0.011144,0.139300,0.184494,0.990031,1.402900,0.896444,3929,0.682393,0.005817
0.08,0.2,0.05,35.5,67.5,0.002056,0.011678,0.145975,0.176058,0.988397,1.408201,0.900756,3929,0.697398,0.006148
0.08,0.2,0.05,35.5,67.5,0.002056,0.012212,0.152650,0.168359,0.987126,1.414098,0.904668,3929,0.712248,0.006485
0.08,0.2,0.05,35.5,67.5,0.002056,0.012746,0.159325,0.161306,0.986213,1.420599,0.908233,3929,0.726981,0.006826
0.08,0.2,0.05,35.5,67.5,0.002056,0.01328,0.166000,0.154819,0.985654,1.427711,0.911494,3929,0.741632,0.007173
0.08,0.2,0.05,35.5,67.5,0.002056,0.013814,0.172675,0.148835,0.985443,1.435443,0.914490,3929,0.756234,0.007527
0.08,0.2,0.05,35.5,67.5,0.002056,0.014348,0.179350,0.143295,0.985575,1.443802,0.917252,3929,0.770816,0.007887
0.08,0.2,0.05,35.5,67.5,0.002056,0.014882,0.186025,0.138153,0.986047,1.452796,0.919805,3929,0.785405,0.008254
0.08,0.2,0.05,35.5,67.5,0.002056,0.015416,0.192700,0.133368,0.986856,1.462437,0.922173,3929,0.800027,0.008629
0.08,0.2,0.05,35.5,67.5,0.002056,0.01595,0.199375,0.128903,0.987998,1.472732,0.924375,3929,0.814707,0.009013
0.08,0.2,0.05,35.5,67.5,0.002056,0.016484,0.206050,0.124727,0.989470,1.483693,0.926428,3929,0.829467,0.009405
0.08,0.2,0.05,35.5,67.5,0.002056,0.017018,0.212725,0.120813,0.991271,1.495331,0.928347,3929,0.844329,0.009806
0.08,0.2,0.05,35.5,67.5,0.002056,0.017552,0.219400,0.117138,0.993398,1.507657,0.930144,3929,0.859313,0.010216
0.08,0.2,0.05,35.5,67.5,0.002056,0.018086,0.226075,0.113679,0.995849,1.520683,0.931831,3929,0.874440,0.010638
0.08,0.2,0.05,35.5,67.5,0.002056,0.01862,0.232750,0.110419,0.998625,1.534423,0.933418,3929,0.889728,0.011069
0.08,0.2,0.05,35.5,67.5,0.002056,0.019154,0.239425,0.107341,1.001722,1.548890,0.934912,3929,0.905195,0.011513
0.08,0.2,0.05,35.5,67.5,0.002056,0.019688,0.246100,0.104429,1.005143,1.564098,0.936323,3929,0.920860,0.011968
0.08,0.2,0.05,35.5,67.5,0.002056,0.020222,0.252775,0.101671,1.008885,1.580064,0.937656,3929,0.936740,0.012436
0.08,0.2,0.05,35.5,67.5,0.002056,0.020756,0.259450,0.099056,1.012951,1.596802,0.938919,3929,0.952851,0.012916
0.08,0.2,0.05,35.5,67.5,0.002056,0.02129,0.266125,0.096571,1.017339,1.614331,0.940116,3929,0.969212,0.013411
0.08,0.2,0.05,35.5,67.5,0.002056,0.021824,0.272800,0.094208,1.022053,1.632667,0.941253,3929,0.985838,0.013921
0.08,0.2,0.05,35.5,67.5,0.002056,0.022358,0.279475,0.091958,1.027092,1.651831,0.942333,3929,1.002746,0.014445
0.08,0.2,0.05,35.5,67.5,0.002056,0.022892,0.286150,0.089813,1.032460,1.671842,0.943362,3929,1.019953,0.014986
0.08,0.2,0.05,35.5,67.5,0.002056,0.023426,0.292825,0.087766,1.038158,1.692721,0.944342,3929,1.037475,0.015543
0.08,0.2,0.05,35.5,67.5,0.002056,0.02396,0.299500,0.085810,1.044189,1.714492,0.945277,3929,1.055328,0.016118
0.08,0.2,0.05,35.5,67.5,0.002056,0.024494,0.306175,0.083939,1.050556,1.737176,0.946171,3929,1.073530,0.016711
0.08,0.2,0.05,35.5,67.5,0.002056,0.025028,0.312850,0.082148,1.057264,1.760800,0.947025,3929,1.092098,0.017323
0.08,0.2,0.05,35.5,67.5,0.002056,0.025562,0.319525,0.080432,1.064315,1.785390,0.947842,3929,1.111048,0.017955
0.08,0.2,0.05,35.5,67.5,0.002056,0.026096,0.326200,0.078786,1.071715,1.810973,0.948625,3929,1.130398,0.018608
0.08,0.2,0.05,35.5,67.5,0.002056,0.02663,0.332875,0.077206,1.079469,1.837579,0.949376,3929,1.150167,0.019283
0.08,0.2,0.05,35.5,67.5,0.002056,0.027164,0.339550,0.075688,1.087582,1.865240,0.950097,3929,1.170372,0.019981
0.08,0.2,0.05,35.5,67.5,0.002056,0.027698,0.346225,0.074229,1.096060,1.893988,0.950789,3929,1.191032,0.020703
0.08,0.2,0.05,35.5,67.5,0.002056,0.028232,0.352900,0.072825,1.104910,1.923857,0.951454,3929,1.212168,0.021450
0.08,0.2,0.05,35.5,67.5,0.002056,0.028766,0.359575,0.071473,1.114138,1.954886,0.952094,3929,1.233797,0.022223
0.08,0.2,0.05,35.5,67.5,0.002056,0.0293,0.366250,0.070171,1.123753,1.987113,0.952710,3929,1.255942,0.023024
0.08,0.2,0.05,35.5,67.5,0.002056,0.029834,0.372925,0.068915,1.133762,2.020578,0.953304,3929,1.278624,0.023853
0.08,0.2,0.05,35.5,67.5,0.002056,0.030368,0.379600,0.067703,1.144175,2.055327,0.953876,3929,1.301864,0.024712
0.08,0.2,0.05,35.5,67.5,0.002056,0.030902,0.386275,0.066533,1.155001,2.091404,0.954428,3929,1.325686,0.025603
0.08,0.2,0.05,35.5,67.5,0.002056,0.031436,0.392950,0.065403,1.166250,2.128860,0.954961,3929,1.350114,0.026527
0.08,0.2,0.05,35.5,67.5,0.002056,0.03197,0.399625,0.064310,1.177934,2.167745,0.955476,3929,1.375173,0.027485
0.08,0.2,0.05,35.5,67.5,0.002056,0.032504,0.406300,0.063254,1.190064,2.208116,0.955973,3929,1.400889,0.028479
0.08,0.2,0.05,35.5,67.5,0.002056,0.033038,0.412975,0.062231,1.202652,2.250031,0.956454,3929,1.427288,0.029511
0.08,0.2,0.05,35.5,67.5,0.002056,0.033572,0.419650,0.061242,1.215711,2.293551,0.956919,3929,1.454401,0.030583
0.08,0.2,0.05,35.5,67.5,0.002056,0.034106,0.426325,0.060283,1.229257,2.338743,0.957370,3929,1.482256,0.031697
0.08,0.2,0.05,35.5,67.5,0.002056,0.03464,0.433000,0.059353,1.243304,2.385677,0.957806,3929,1.510885,0.032854
0.08,0.2,0.05,35.5,67.5,0.002056,0.035174,0.439675,0.058452,1.257868,2.434427,0.958229,3929,1.540321,0.034057
0.08,0.2,0.05,35.5,67.5,0.002056,0.035708,0.446350,0.057578,1.272967,2.485073,0.958639,3929,1.570598,0.035309
0.08,0.2,0.05,35.5,67.5,0.002056,0.036242,0.453025,0.056730,1.288619,2.537698,0.959036,3929,1.601754,0.036611
0.08,0.2,0.05,35.5,67.5,0.002056,0.036776,0.459700,0.055906,1.304843,2.592393,0.959422,3929,1.633826,0.037966
0.08,0.2,0.05,35.5,67.5,0.002056,0.03731,0.466375,0.055106,1.321661,2.649253,0.959797,3929,1.666855,0.039378
0.08,0.2,0.05,35.5,67.5,0.002056,0.037844,0.473050,0.054328,1.339094,2.708380,0.960161,3929,1.700884,0.040848
0.08,0.2,0.05,35.5,67.5,0.002056,0.038378,0.479725,0.053572,1.357166,2.769882,0.960514,3929,1.735958,0.042381
0.08,0.2,0.05,35.5,67.5,0.002056,0.038912,0.486400,0.052837,1.375902,2.833877,0.960858,3929,1.772125,0.043979
0.08,0.2,0.05,35.5,67.5,0.002056,0.039446,0.493075,0.052122,1.395329,2.900488,0.961192,3929,1.809436,0.045646
0.08,0.2,0.05,35.5,67.5,0.002056,0.03998,0.499750,0.051426,1.415476,2.969847,0.961517,3929,1.847945,0.047387
0.08,0.2,0.05,35.5,67.5,0.002056,0.040514,0.506425,0.050748,1.436373,3.042097,0.961833,3929,1.887708,0.049204
0.08,0.2,0.05,35.5,67.5,0.002056,0.041048,0.513100,0.050088,1.458052,3.117389,0.962141,3929,1.928786,0.051103
0.08,0.2,0.05,35.5,67.5,0.002056,0.041582,0.519775,0.049444,1.480548,3.195887,0.962441,3929,1.971244,0.053088
0.08,0.2,0.05,35.5,67.5,0.002056,0.042116,0.526450,0.048818,1.503899,3.277765,0.962734,3929,2.015150,0.055164
0.08,0.2,0.05,35.5,67.5,0.002056,0.04265,0.533125,0.048206,1.528143,3.363210,0.963018,3929,2.060576,0.057336
0.08,0.2,0.05,35.5,67.5,0.002056,0.043184,0.539800,0.047610,1.553323,3.452425,0.963296,3929,2.107601,0.059611
0.08,0.2,0.05,35.5,67.5,0.002056,0.043718,0.546475,0.047029,1.579485,3.545625,0.963567,3929,2.156307,0.061995
0.08,0.2,0.05,35.5,67.5,0.002056,0.044252,0.553150,0.046461,1.606676,3.643043,0.963831,3929,2.206784,0.064494
0.08,0.2,0.05,35.5,67.5,0.002056,0.044786,0.559825,0.045907,1.634948,3.744932,0.964089,3929,2.259125,0.067116
0.08,0.2,0.05,35.5,67.5,0.002056,0.04532,0.566500,0.045366,1.664358,3.851563,0.964340,3929,2.313432,0.069868
0.08,0.2,0.05,35.5,67.5,0.002056,0.045854,0.573175,0.044838,1.694964,3.963227,0.964586,3929,2.369814,0.072759
0.08,0.2,0.05,35.5,67.5,0.002056,0.046388,0.579850,0.044322,1.726831,4.080242,0.964826,3929,2.428387,0.075799
0.08,0.2,0.05,35.5,67.5,0.002056,0.046922,0.586525,0.043817,1.760028,4.202951,0.965060,3929,2.489276,0.078996
0.08,0.2,0.05,35.5,67.5,0.002056,0.047456,0.593200,0.043324,1.794629,4.331723,0.965289,3929,2.552615,0.082363
0.08,0.2,0.05,35.5,67.5,0.002056,0.04799,0.599875,0.042842,1.830713,4.466963,0.965513,3929,2.618549,0.085910
0.08,0.2,0.05,35.5,67.5,0.002056,0.048524,0.606550,0.042371,1.868367,4.609107,0.965732,3929,2.687234,0.089650
0.08,0.2,0.05,35.5,67.5,0.002056,0.049058,0.613225,0.041910,1.907683,4.758632,0.965946,3929,2.758838,0.093598
0.08,0.2,0.05,35.5,67.5,0.002056,0.049592,0.619900,0.041458,1.948762,4.916055,0.966155,3929,2.833543,0.097768
0.08,0.2,0.05,35.5,67.5,0.002056,0.050126,0.626575,0.041017,1.991713,5.081942,0.966360,3929,2.911544,0.102177
0.08,0.2,0.05,35.5,67.5,0.002056,0.05066,0.633250,0.040584,2.036653,5.256911,0.966560,3929,2.993055,0.106843
0.08,0.2,0.05,35.5,67.5,0.002056,0.051194,0.639925,0.040161,2.083709,5.441637,0.966756,3929,3.078305,0.111786
0.08,0.2,0.05,35.5,67.5,0.002056,0.051728,0.646600,0.039746,2.133021,5.636861,0.966949,3929,3.167547,0.117028
0.08,0.2,0.05,35.5,67.5,0.002056,0.052262,0.653275,0.039340,2.184739,5.843396,0.967137,3929,3.261052,0.122592
0.08,0.2,0.05,35.5,67.5,0.002056,0.052796,0.659950,0.038942,2.239028,6.062136,0.967321,3929,3.359117,0.128505
0.08,0.2,0.05,35.5,67.5,0.002056,0.05333,0.666625,0.038552,2.296067,6.294064,0.967501,3929,3.462066,0.134796
0.08,0.2,0.05,35.5,67.5,0.002056,0.053864,0.673300,0.038170,2.356051,6.540268,0.967678,3929,3.570254,0.141497
0.08,0.2,0.05,35.5,67.5,0.002056,0.054398,0.679975,0.037796,2.419197,6.801948,0.967852,3929,3.684069,0.148644
0.08,0.2,0.05,35.5,67.5,0.002056,0.054932,0.686650,0.037428,2.485738,7.080437,0.968022,3929,3.803935,0.156276
0.08,0.2,0.05,35.5,67.5,0.002056,0.055466,0.693325,0.037068,2.555934,7.377210,0.968188,3929,3.930322,0.164437
0.08,0.2, 0.05 , 36.80 , 60.60 , 0.0021 ,0.0072,0.090000,0.285556,1.014043,1.381665,0.842539,7463,1.066973,0.006374
0.08,0.2, 0.05 , 36.80 , 60.60 , 0.0021 ,0.0077,0.096675,0.265839,1.009498,1.382734,0.853399,7463,1.100875,0.006940
0.08,0.2, 0.05 , 36.80 , 60.60 , 0.0021 ,0.0083,0.103350,0.248670,1.005374,1.384361,0.862715,7463,1.133596,0.007509
0.08,0.2, 0.05 , 36.80 , 60.60 , 0.0021 ,0.0088,0.110025,0.233583,1.001661,1.386549,0.870796,7463,1.165312,0.008082
0.08,0.2, 0.05 , 36.80 , 60.60 , 0.0021 ,0.0093,0.116700,0.220223,0.998352,1.389303,0.877873,7463,1.196175,0.008659
0.08,0.2, 0.05 , 36.80 , 60.60 , 0.0021 ,0.0099,0.123375,0.208308,0.995437,1.392629,0.884122,7463,1.226318,0.009241
0.08,0.2, 0.05 , 36.80 , 60.60 , 0.0021 ,0.0104,0.130050,0.197616,0.992909,1.396530,0.889682,7463,1.255857,0.009830
0.08,0.2, 0.05 , 36.80 , 60.60 , 0.0021 ,0.0109,0.136725,0.187969,0.990760,1.401014,0.894660,7463,1.284896,0.010426
0.08,0.2, 0.05 , 36.80 , 60.60 , 0.0021 ,0.0115,0.143400,0.179219,0.988984,1.406086,0.899143,7463,1.313528,0.011029
0.08,0.2, 0.05 , 36.80 , 60.60 , 0.0021 ,0.0120,0.150075,0.171248,0.987573,1.411752,0.903203,7463,1.341835,0.011642
0.08,0.2, 0.05 , 36.80 , 60.60 , 0.0021 ,0.0125,0.156750,0.163955,0.986523,1.418019,0.906896,7463,1.369893,0.012263
0.08,0.2, 0.05 , 36.80 , 60.60 , 0.0021 ,0.0131,0.163425,0.157259,0.985828,1.424895,0.910269,7463,1.397771,0.012895
0.08,0.2, 0.05 , 36.80 , 60.60 , 0.0021 ,0.0136,0.170100,0.151088,0.985483,1.432386,0.913364,7463,1.425532,0.013538
0.08,0.2, 0.05 , 36.80 , 60.60 , 0.0021 ,0.0141,0.176775,0.145383,0.985483,1.440502,0.916212,7463,1.453233,0.014193
0.08,0.2, 0.05 , 36.80 , 60.60 , 0.0021 ,0.0147,0.183450,0.140093,0.985825,1.449251,0.918843,7463,1.480929,0.014861
0.08,0.2, 0.05 , 36.80 , 60.60 , 0.0021 ,0.0152,0.190125,0.135174,0.986504,1.458641,0.921280,7463,1.508670,0.015543
0.08,0.2, 0.05 , 36.80 , 60.60 , 0.0021 ,0.0157,0.196800,0.130589,0.987518,1.468682,0.923544,7463,1.536502,0.016239
0.08,0.2, 0.05 , 36.80 , 60.60 , 0.0021 ,0.0163,0.203475,0.126305,0.988863,1.479385,0.925653,7463,1.564470,0.016951
0.08,0.2, 0.05 , 36.80 , 60.60 , 0.0021 ,0.0168,0.210150,0.122294,0.990538,1.490760,0.927622,7463,1.592616,0.017679
0.08,0.2, 0.05 , 36.80 , 60.60 , 0.0021 ,0.0173,0.216825,0.118529,0.992539,1.502819,0.929465,7463,1.620980,0.018425
0.08,0.2, 0.05 , 36.80 , 60.60 , 0.0021 ,0.0179,0.223500,0.114989,0.994865,1.515574,0.931193,7463,1.649600,0.019189
0.08,0.2, 0.05 , 36.80 , 60.60 , 0.0021 ,0.0184,0.230175,0.111654,0.997516,1.529037,0.932817,7463,1.678512,0.019972
0.08,0.2, 0.05 , 36.80 , 60.60 , 0.0021 ,0.0189,0.236850,0.108507,1.000489,1.543222,0.934346,7463,1.707751,0.020776
0.08,0.2, 0.05 , 36.80 , 60.60 , 0.0021 ,0.0195,0.243525,0.105533,1.003785,1.558142,0.935788,7463,1.737353,0.021602
0.08,0.2, 0.05 , 36.80 , 60.60 , 0.0021 ,0.0200,0.250200,0.102718,1.007403,1.573814,0.937151,7463,1.767350,0.022450
0.08,0.2, 0.05 , 36.80 , 60.60 , 0.0021 ,0.0206,0.256875,0.100049,1.011344,1.590252,0.938440,7463,1.797775,0.023321
0.08,0.2, 0.05 , 36.80 , 60.60 , 0.0021 ,0.0211,0.263550,0.097515,1.015608,1.607474,0.939662,7463,1.828661,0.024218
0.08,0.2, 0.05 , 36.80 , 60.60 , 0.0021 ,0.0216,0.270225,0.095106,1.020196,1.625497,0.940821,7463,1.860038,0.025141
0.08,0.2, 0.05 , 36.80 , 60.60 , 0.0021 ,0.0222,0.276900,0.092813,1.025109,1.644339,0.941923,7463,1.891940,0.026091
0.08,0.2, 0.05 , 36.80 , 60.60 , 0.0021 ,0.0227,0.283575,0.090629,1.030350,1.664021,0.942971,7463,1.924396,0.027070
0.08,0.2, 0.05 , 36.80 , 60.60 , 0.0021 ,0.0232,0.290250,0.088544,1.035920,1.684563,0.943969,7463,1.957438,0.028079
0.08,0.2, 0.05 , 36.80 , 60.60 , 0.0021 ,0.0238,0.296925,0.086554,1.041823,1.705986,0.944922,7463,1.991098,0.029119
0.08,0.2, 0.05 , 36.80 , 60.60 , 0.0021 ,0.0243,0.303600,0.084651,1.048060,1.728315,0.945831,7463,2.025408,0.030192
0.08,0.2, 0.05 , 36.80 , 60.60 , 0.0021 ,0.0248,0.310275,0.082830,1.054636,1.751574,0.946700,7463,2.060399,0.031300
0.08,0.2, 0.05 , 36.80 , 60.60 , 0.0021 ,0.0254,0.316950,0.081085,1.061554,1.775788,0.947531,7463,2.096105,0.032444
0.08,0.2, 0.05 , 36.80 , 60.60 , 0.0021 ,0.0259,0.323625,0.079413,1.068819,1.800984,0.948327,7463,2.132558,0.033625
0.08,0.2, 0.05 , 36.80 , 60.60 , 0.0021 ,0.0264,0.330300,0.077808,1.076436,1.827192,0.949090,7463,2.169791,0.034846
0.08,0.2, 0.05 , 36.80 , 60.60 , 0.0021 ,0.0270,0.336975,0.076267,1.084409,1.854442,0.949822,7463,2.207840,0.036109
0.08,0.2, 0.05 , 36.80 , 60.60 , 0.0021 ,0.0275,0.343650,0.074785,1.092746,1.882767,0.950525,7463,2.246740,0.037414
0.08,0.2, 0.05 , 36.80 , 60.60 , 0.0021 ,0.0280,0.350325,0.073360,1.101451,1.912199,0.951201,7463,2.286527,0.038765
0.08,0.2, 0.05 , 36.80 , 60.60 , 0.0021 ,0.0286,0.357000,0.071989,1.110533,1.942777,0.951850,7463,2.327239,0.040162
0.08,0.2, 0.05 , 36.80 , 60.60 , 0.0021 ,0.0291,0.363675,0.070667,1.119997,1.974536,0.952475,7463,2.368914,0.041609
0.08,0.2, 0.05 , 36.80 , 60.60 , 0.0021 ,0.0296,0.370350,0.069394,1.129853,2.007519,0.953078,7463,2.411592,0.043108
0.08,0.2, 0.05 , 36.80 , 60.60 , 0.0021 ,0.0302,0.377025,0.068165,1.140110,2.041767,0.953658,7463,2.455315,0.044661
0.08,0.2, 0.05 , 36.80 , 60.60 , 0.0021 ,0.0307,0.383700,0.066979,1.150775,2.077326,0.954218,7463,2.500126,0.046270
0.08,0.2, 0.05 , 36.80 , 60.60 , 0.0021 ,0.0312,0.390375,0.065834,1.161860,2.114244,0.954758,7463,2.546070,0.047939
0.08,0.2, 0.05 , 36.80 , 60.60 , 0.0021 ,0.0318,0.397050,0.064727,1.173375,2.152572,0.955279,7463,2.593193,0.049670
0.08,0.2, 0.05 , 36.80 , 60.60 , 0.0021 ,0.0323,0.403725,0.063657,1.185331,2.192363,0.955783,7463,2.641544,0.051465
0.08,0.2, 0.05 , 36.80 , 60.60 , 0.0021 ,0.0328,0.410400,0.062622,1.197740,2.233675,0.956270,7463,2.691175,0.053329
0.08,0.2, 0.05 , 36.80 , 60.60 , 0.0021 ,0.0334,0.417075,0.061620,1.210616,2.276568,0.956742,7463,2.742137,0.055265
0.08,0.2, 0.05 , 36.80 , 60.60 , 0.0021 ,0.0339,0.423750,0.060649,1.223973,2.321107,0.957198,7463,2.794488,0.057275
0.08,0.2, 0.05 , 36.80 , 60.60 , 0.0021 ,0.0344,0.430425,0.059708,1.237825,2.367360,0.957639,7463,2.848285,0.059364
0.08,0.2, 0.05 , 36.80 , 60.60 , 0.0021 ,0.0350,0.437100,0.058797,1.252188,2.415401,0.958067,7463,2.903590,0.061535
0.08,0.2, 0.05 , 36.80 , 60.60 , 0.0021 ,0.0355,0.443775,0.057912,1.267078,2.465305,0.958482,7463,2.960468,0.063793
0.08,0.2, 0.05 , 36.80 , 60.60 , 0.0021 ,0.0360,0.450450,0.057054,1.282514,2.517157,0.958884,7463,3.018986,0.066143
0.08,0.2, 0.05 , 36.80 , 60.60 , 0.0021 ,0.0366,0.457125,0.056221,1.298516,2.571042,0.959275,7463,3.079216,0.068587
0.08,0.2, 0.05 , 36.80 , 60.60 , 0.0021 ,0.0371,0.463800,0.055412,1.315102,2.627055,0.959653,7463,3.141234,0.071133
0.08,0.2, 0.05 , 36.80 , 60.60 , 0.0021 ,0.0376,0.470475,0.054626,1.332295,2.685295,0.960021,7463,3.205118,0.073785
0.08,0.2, 0.05 , 36.80 , 60.60 , 0.0021 ,0.0382,0.477150,0.053861,1.350117,2.745868,0.960379,7463,3.270954,0.076548
0.08,0.2, 0.05 , 36.80 , 60.60 , 0.0021 ,0.0387,0.483825,0.053118,1.368594,2.808887,0.960726,7463,3.338830,0.079429
0.08,0.2, 0.05 , 36.80 , 60.60 , 0.0021 ,0.0392,0.490500,0.052396,1.387751,2.874473,0.961064,7463,3.408841,0.082434
0.08,0.2, 0.05 , 36.80 , 60.60 , 0.0021 ,0.0398,0.497175,0.051692,1.407617,2.942756,0.961393,7463,3.481086,0.085570
0.08,0.2, 0.05 , 36.80 , 60.60 , 0.0021 ,0.0403,0.503850,0.051007,1.428221,3.013873,0.961712,7463,3.555671,0.088844
0.08,0.2, 0.05 , 36.80 , 60.60 , 0.0021 ,0.0408,0.510525,0.050340,1.449594,3.087973,0.962023,7463,3.632708,0.092264
0.08,0.2, 0.05 , 36.80 , 60.60 , 0.0021 ,0.0414,0.517200,0.049691,1.471771,3.165215,0.962327,7463,3.712317,0.095839
0.08,0.2, 0.05 , 36.80 , 60.60 , 0.0021 ,0.0419,0.523875,0.049058,1.494787,3.245767,0.962622,7463,3.794624,0.099577
0.08,0.2, 0.05 , 36.80 , 60.60 , 0.0021 ,0.0424,0.530550,0.048440,1.518682,3.329813,0.962909,7463,3.879766,0.103488
0.08,0.2, 0.05 , 36.80 , 60.60 , 0.0021 ,0.0430,0.537225,0.047838,1.543496,3.417549,0.963190,7463,3.967885,0.107582
0.08,0.2, 0.05 , 36.80 , 60.60 , 0.0021 ,0.0435,0.543900,0.047251,1.569273,3.509184,0.963463,7463,4.059136,0.111871
0.08,0.2, 0.05 , 36.80 , 60.60 , 0.0021 ,0.0440,0.550575,0.046678,1.596061,3.604947,0.963730,7463,4.153683,0.116367
0.08,0.2, 0.05 , 36.80 , 60.60 , 0.0021 ,0.0446,0.557250,0.046119,1.623910,3.705081,0.963990,7463,4.251699,0.121082
0.08,0.2, 0.05 , 36.80 , 60.60 , 0.0021 ,0.0451,0.563925,0.045573,1.652874,3.809848,0.964244,7463,4.353374,0.126030
0.08,0.2, 0.05 , 36.80 , 60.60 , 0.0021 ,0.0456,0.570600,0.045040,1.683012,3.919535,0.964492,7463,4.458908,0.131227
0.08,0.2, 0.05 , 36.80 , 60.60 , 0.0021 ,0.0462,0.577275,0.044520,1.714384,4.034447,0.964734,7463,4.568516,0.136689
0.08,0.2, 0.05 , 36.80 , 60.60 , 0.0021 ,0.0467,0.583950,0.044011,1.747060,4.154916,0.964970,7463,4.682429,0.142433
0.08,0.2, 0.05 , 36.80 , 60.60 , 0.0021 ,0.0473,0.590625,0.043513,1.781110,4.281304,0.965201,7463,4.800894,0.148478
0.08,0.2, 0.05 , 36.80 , 60.60 , 0.0021 ,0.0478,0.597300,0.043027,1.816612,4.413999,0.965427,7463,4.924180,0.154847
0.08,0.2, 0.05 , 36.80 , 60.60 , 0.0021 ,0.0483,0.603975,0.042551,1.853649,4.553425,0.965648,7463,5.052573,0.161560
0.08,0.2, 0.05 , 36.80 , 60.60 , 0.0021 ,0.0489,0.610650,0.042086,1.892313,4.700043,0.965864,7463,5.186384,0.168643
0.08,0.2, 0.05 , 36.80 , 60.60 , 0.0021 ,0.0494,0.617325,0.041631,1.932700,4.854355,0.966075,7463,5.325947,0.176122
0.08,0.2, 0.05 , 36.80 , 60.60 , 0.0021 ,0.0499,0.624000,0.041186,1.974915,5.016907,0.966281,7463,5.471624,0.184027
0.08,0.2, 0.05 , 36.80 , 60.60 , 0.0021 ,0.0505,0.630675,0.040750,2.019073,5.188296,0.966483,7463,5.623806,0.192390
0.08,0.2, 0.05 , 36.80 , 60.60 , 0.0021 ,0.0510,0.637350,0.040323,2.065297,5.369174,0.966681,7463,5.782918,0.201246
0.08,0.2, 0.05 , 36.80 , 60.60 , 0.0021 ,0.0515,0.644025,0.039905,2.113722,5.560256,0.966875,7463,5.949421,0.210633
0.08,0.2, 0.05 , 36.80 , 60.60 , 0.0021 ,0.0521,0.650700,0.039496,2.164493,5.762327,0.967065,7463,6.123815,0.220593
0.08,0.2, 0.05 , 36.80 , 60.60 , 0.0021 ,0.0526,0.657375,0.039095,2.217769,5.976247,0.967250,7463,6.306647,0.231174
0.08,0.2, 0.05 , 36.80 , 60.60 , 0.0021 ,0.0531,0.664050,0.038702,2.273725,6.202964,0.967432,7463,6.498512,0.242426
0.08,0.2, 0.05 , 36.80 , 60.60 , 0.0021 ,0.0537,0.670725,0.038317,2.332549,6.443525,0.967611,7463,6.700058,0.254405
0.08,0.2, 0.05 , 36.80 , 60.60 , 0.0021 ,0.0542,0.677400,0.037939,2.394448,6.699085,0.967785,7463,6.911998,0.267176
0.08,0.2, 0.05 , 36.80 , 60.60 , 0.0021 ,0.0547,0.684075,0.037569,2.459650,6.970923,0.967957,7463,7.135111,0.280807
0.08,0.2, 0.05 , 36.80 , 60.60 , 0.0021 ,0.0553,0.690750,0.037206,2.528404,7.260457,0.968124,7463,7.370254,0.295375
0.08,0.2, 0.05 , 36.80 , 60.60 , 0.0021 ,0.0558,0.697425,0.036850,2.600984,7.569266,0.968289,7463,7.618370,0.310967
0.08,0.2, 0.05 , 36.80 , 60.60 , 0.0021 ,0.0563,0.704100,0.036500,2.677694,7.899107,0.968451,7463,7.880497,0.327678
0.08,0.2, 0.05 , 36.80 , 60.60 , 0.0021 ,0.0569,0.710775,0.036158,2.758866,8.251943,0.968609,7463,8.157784,0.345617
0.08,0.2, 0.05 , 36.80 , 60.60 , 0.0021 ,0.0574,0.717450,0.035821,2.844872,8.629974,0.968765,7463,8.451505,0.364903
0.08,0.2, 0.05 , 36.80 , 60.60 , 0.0021 ,0.0579,0.724125,0.035491,2.936121,9.035668,0.968917,7463,8.763071,0.385672
0.08,0.2, 0.05 , 36.80 , 60.60 , 0.0021 ,0.0585,0.730800,0.035167,3.033072,9.471803,0.969067,7463,9.094054,0.408078
0.08,0.2, 0.05 , 36.80 , 60.60 , 0.0021 ,0.0590,0.737475,0.034849,3.136233,9.941515,0.969214,7463,9.446209,0.432292
0.08,0.2, 0.05 , 36.80 , 60.60 , 0.0021 ,0.0595,0.744150,0.034536,3.246175,10.448356,0.969358,7463,9.821499,0.458512
0.08,0.2, 0.05 , 36.80 , 60.60 , 0.0021 ,0.0601,0.750825,0.034229,3.363537,10.996360,0.969500,7463,10.222123,0.486960
0,0,0,35.78,57.14,0.005,0.00652,0,0,0,0,0,2710,1.126,0.031
0,0,0,35.78,57.14,0.004,0.00721,0,0,0,0,0,2620,1.129,0.03
0,0,0,35.78,57.14,0.01,0.00790,0,0,0,0,0,1980,1.092,0.0183
0,0,0,35.78,57.14,0.009,0.00860,0,0,0,0,0,1980,1.08,0.0186
0,0,0,35.78,57.14,0.01,0.00929,0,0,0,0,0,1840,1.083,0.0178
0,0,0,35.78,57.14,0.016,0.00998,0,0,0,0,0,1140,0.0916,0.0081
0,0,0,35.78,57.14,0.015,0.01067,0,0,0,0,0,1420,0.00902,0.008
0,0,0,35.78,57.14,0.009,0.01136,0,0,0,0,0,4530,1.348,0.049
0,0,0,35.78,57.14,0.01,0.01205,0,0,0,0,0,4100,1.349,0.0485
0,0,0,35.78,57.14,0.018,0.01274,0,0,0,0,0,3790,1.174,0.035
0,0,0,35.78,57.14,0.019,0.01343,0,0,0,0,0,3630,1.173,0.0345
0,0,0,35.78,57.14,0.028,0.01412,0,0,0,0,0,2580,0.984,0.0149
0,0,0,35.78,57.14,0.019,0.01481,0,0,0,0,0,7270,1.467,0.1026
0,0,0,35.78,57.14,0.019,0.01550,0,0,0,0,0,7320,1.461,0.1
0,0,0,35.78,57.14,0.019,0.01619,0,0,0,0,0,6990,1.456,0.098
0,0,0,35.78,57.14,0.039,0.01688,0,0,0,0,0,6010,1.224,0.0601
0,0,0,35.78,57.14,0.039,0.01758,0,0,0,0,0,6320,1.201,0.06
0,0,0,35.78,57.14,0.058,0.01827,0,0,0,0,0,4540,1.012,0.0281
0,0,0,35.78,57.14,0.06,0.01896,0,0,0,0,0,4700,0.998,0.026
0,0,0,37.89,87.71,0.005,0.01965,0,0,0,0,0,4200,7.984,0.3434
0,0,0,37.89,87.71,0.005,0.02034,0,0,0,0,0,4150,7.941,0.321
0,0,0,37.89,87.71,0.01,0.02103,0,0,0,0,0,3370,7.398,0.2213
0,0,0,37.89,87.71,0.01,0.02172,0,0,0,0,0,3260,7.362,0.218
0,0,0,37.89,87.71,0.015,0.02241,0,0,0,0,0,2790,6.961,0.098
0,0,0,37.89,87.71,0.015,0.02310,0,0,0,0,0,2880,6.981,0.1
0,0,0,37.89,87.71,0.02,0.02379,0,0,0,0,0,1980,6.118,0.053
0,0,0,37.89,87.71,0.02,0.02448,0,0,0,0,0,2050,6.3,0.051
0,0,0,37.89,87.71,0.01,0.02517,0,0,0,0,0,8350,8.479,0.456
0,0,0,37.89,87.71,0.01,0.02586,0,0,0,0,0,8200,8.453,0.45
0,0,0,37.89,87.71,0.02,0.02655533,0,0,0,0,0,5100,7.401,0.3268
0,0,0,37.89,87.71,0.02,0.0272461,0,0,0,0,0,4990,7.386,0.32
0,0,0,37.89,87.71,0.02,0.02793687,0,0,0,0,0,5070,7.365,0.318
0,0,0,37.89,87.71,0.03,0.02862764,0,0,0,0,0,3800,6.682,0.203
0,0,0,37.89,87.71,0.03,0.02931841,0,0,0,0,0,3790,6.701,0.206
0,0,0,37.89,87.71,0.04,0.03000918,0,0,0,0,0,2990,6.201,0.093
0,0,0,37.89,87.71,0.04,0.03069995,0,0,0,0,0,3080,6.196,0.09
0,0,0,42.987,122.52,0.004,0.03139072,0,0,0,0,0,9990,12.601,0.433
0,0,0,42.987,122.52,0.005,0.03208149,0,0,0,0,0,10010,12.652,0.44
0,0,0,42.987,122.52,0.01,0.03277226,0,0,0,0,0,7810,11.762,0.281
0,0,0,42.987,122.52,0.009,0.03346303,0,0,0,0,0,7430,11.801,0.279
0,0,0,42.987,122.52,0.015,0.0341538,0,0,0,0,0,6200,11.092,0.141
0,0,0,42.987,122.52,0.015,0.03484457,0,0,0,0,0,5990,11,0.142
0,0,0,42.987,122.52,0.02,0.03553534,0,0,0,0,0,4070,7.581,0.0875
0,0,0,42.987,122.52,0.019,0.03622611,0,0,0,0,0,3990,7.412,0.0861
0,0,0,42.987,122.52,0.02,0.03691688,0,0,0,0,0,4180,7.51,0.085
0,0,0,42.987,122.52,0.009,0.03760765,0,0,0,0,0,14230,13.541,0.483
0,0,0,42.987,122.52,0.008,0.03829842,0,0,0,0,0,13980,13.582,0.49
0,0,0,42.987,122.52,0.016,0.03898919,0,0,0,0,0,10850,11.949,0.3898
0,0,0,42.987,122.52,0.015,0.03967996,0,0,0,0,0,10620,11.892,0.383
0,0,0,42.987,122.52,0.025,0.04037073,0,0,0,0,0,7580,11.201,0.2515
0,0,0,42.987,122.52,0.024,0.0410615,0,0,0,0,0,7610,11.221,0.249
0,0,0,42.987,122.52,0.032,0.04175227,0,0,0,0,0,5560,8.471,0.1216
0,0,0,42.987,122.52,0.031,0.04244304,0,0,0,0,0,5600,8.45,0.12
0,0,0,42.987,122.52,0.013,0.04313381,0,0,0,0,0,19490,13.984,0.581
0,0,0,42.987,122.52,0.012,0.04382458,0,0,0,0,0,19310,13.801,0.563
0,0,0,42.987,122.52,0.025,0.04451535,0,0,0,0,0,13370,12.013,0.3069
0,0,0,42.987,122.52,0.025,0.04520612,0,0,0,0,0,13510,12,0.301
0,0,0,42.987,122.52,0.039,0.04589689,0,0,0,0,0,10120,11.321,0.181
0,0,0,42.987,122.52,0.039,0.04658766,0,0,0,0,0,10300,11.103,0.172
0,0,0,42.987,122.52,0.052,0.04727843,0,0,0,0,0,7460,9.691,0.094
0,0,0,42.987,122.52,0.052,0.0479692,0,0,0,0,0,7690,9.598,0.093
0.1,0.4,0.1,15.3,68.2,0.05,0.079,0.79,0.632911392,4.24665117,15.33425383,0.418348302,1260,1.599399,0.100165
0.1,0.4,0.1,11.2,71.2,0.05,0.08165,0.8165,0.612369871,5.121955763,19.96866209,0.429143139,1260,1.961149,0.188917
0.1,0.4,0.1,45.2,65.1,0.05,0.0843,0.843,0.59311981,6.381539038,27.14198845,0.438947771,1260,2.482767,0.067193
0.1,0.4,0.1,35.5,69.8,0.05,0.08695,0.8695,0.575043128,8.311201269,39.11691481,0.447898426,1260,3.283941,0.129768
0.1,0.4,0.1,36.1,72.1,0.05,0.0896,0.896,0.558035714,11.54273622,61.37730878,0.45610633,1260,4.629771,0.210115
0.15,0.4,0.1,41.2,77.9,0.05,0.09225,0.615,0.54200542,1.918430323,4.799699832,0.550172459,1260,0.347011,0.007947
